<?xml version="1.0" encoding="UTF-8"?>
<project-private xmlns="http://www.netbeans.org/ns/project-private/1">
    <editor-bookmarks xmlns="http://www.netbeans.org/ns/editor-bookmarks/2" lastBookmarkId="0"/>
    <open-files xmlns="http://www.netbeans.org/ns/projectui-open-files/2">
        <group>
            <file>file:/C:/Users/juan1/Downloads/YourHome-bundle/YourHome/src/yourhome/Add_Frame.java</file>
            <file>file:/C:/Users/juan1/Downloads/YourHome-bundle/YourHome/src/bundle/Bundle_es_ES.properties</file>
            <file>file:/C:/Users/juan1/Downloads/YourHome-bundle/YourHome/src/yourhome/Choose_Frame.java</file>
            <file>file:/C:/Users/juan1/Downloads/YourHome-bundle/YourHome/src/yourhome/habitaciones/Salon.java</file>
        </group>
    </open-files>
</project-private>
